id,name,level,personality,type,weakness,atk,def,hp,stage
53.0,Persian,40.0,mild,normal,fighting,104.0,116.0,111.39,2.0
126.0,Magmar,44.0,docile,fire,water,96.0,83.0,153.0,1.0
57.0,Primeape,9.0,lonely,fighting,flying,100.0,66.0,43.0,2.0
3.0,Venusaur,44.0,sassy,grass,fire,136.0,195.0,92.0,3.0
11.0,Metapod,4.0,naive,grass,fire,100.0,114.0,111.39,2.0
126.0,Magmar,96.0,modest,fire,water,62.0,114.0,113.54,1.0
137.0,Porygon,96.0,relaxed,normal,fighting,68.0,50.0,127.0,1.0
69.0,Bellsprout,84.0,lonely,grass,fire,98.89,127.85,113.54,1.0
10.0,Caterpie,3.0,serious,fighting,flying,100.0,119.22,15.0,1.0
12.0,Butterfree,12.0,hasty,fighting,flying,20.0,119.22,111.39,3.0
35.0,Clefairy,18.0,impish,fairy,poison,33.0,119.22,111.39,1.0
59.0,Arcanine,35.0,gentle,fire,water,45.0,60.0,80.0,2.0
111.0,Rhyhorn,31.0,naughty,rock,water,40.0,119.22,175.0,1.0
136.0,Flareon,75.0,bold,fire,water,98.89,143.0,113.54,2.0
51.0,Dugtrio,82.0,gentle,ground,water,152.0,161.0,168.0,2.0
38.0,Ninetales,5.0,brave,fire,water,100.0,179.0,173.0,2.0
102.0,Exeggcute,88.0,rash,grass,fire,98.89,124.0,113.54,1.0
95.0,Onix,46.0,mild,rock,water,98.89,127.85,191.0,1.0
134.0,Vaporeon,65.0,bashful,grass,fire,103.0,127.85,129.0,3.0
114.0,Tangela,52.0,quiet,grass,fire,151.0,166.0,84.0,1.0
53.0,Persian,42.0,quiet,normal,fighting,169.0,152.0,27.0,2.0
78.0,Rapidash,60.0,brave,fire,water,98.89,127.85,62.0,2.0
28.0,Sandslash,12.0,quiet,ground,water,103.0,50.0,128.0,2.0
71.0,Victreebel,100.0,gentle,grass,fire,98.89,190.0,113.54,3.0
2.0,Ivysaur,80.0,docile,grass,fire,42.0,131.0,165.0,2.0
108.0,Lickitung,68.0,calm,normal,fighting,124.0,169.0,125.0,1.0
134.0,Vaporeon,65.0,bold,grass,fire,34.0,67.0,60.0,3.0
52.0,Meowth,27.0,naughty,normal,fighting,170.0,169.0,143.0,1.0
14.0,Kakuna,92.0,impish,grass,fire,72.0,127.85,48.0,2.0
5.0,Charmeleon,27.0,rash,fire,water,72.0,26.0,51.0,2.0
140.0,Kabuto,88.0,bashful,rock,grass,98.89,167.0,113.54,1.0
51.0,Dugtrio,57.0,hardy,ground,water,139.0,155.0,113.54,2.0
133.0,Eevee,97.0,lax,normal,fighting,98.89,154.0,184.0,1.0
132.0,Ditto,10.0,brave,normal,fighting,160.0,167.0,111.39,1.0
114.0,Tangela,5.0,bold,grass,fire,100.0,59.0,111.39,1.0
49.0,Venomoth,99.0,careful,bug,fire,98.89,188.0,113.54,2.0
78.0,Rapidash,73.0,naughty,fire,water,137.0,46.0,93.0,2.0
69.0,Bellsprout,73.0,quiet,grass,fire,97.0,127.85,113.54,1.0
8.0,Wartortle,29.0,hardy,water,grass,98.0,119.22,33.0,2.0
11.0,Metapod,80.0,quiet,grass,fire,66.0,116.0,28.0,2.0
95.0,Onix,85.0,docile,rock,water,88.0,127.85,174.0,1.0
51.0,Dugtrio,43.0,impish,fire,water,98.89,72.0,196.0,2.0
35.0,Clefairy,67.0,sassy,fairy,poison,92.0,127.85,137.0,1.0
113.0,Chansey,78.0,brave,normal,fighting,37.0,99.0,167.0,1.0
75.0,Graveler,22.0,impish,rock,water,80.0,146.0,200.0,2.0
12.0,Butterfree,8.0,impish,flying,fire,44.0,114.0,135.0,3.0
6.0,Charizard,55.0,timid,fire,water,98.89,127.85,71.0,3.0
125.0,Electabuzz,37.0,hardy,electric,ground,100.0,119.22,158.0,1.0
57.0,Primeape,51.0,adamant,fighting,flying,200.0,127.85,123.0,2.0
146.0,Moltres,62.0,naughty,fire,rock,65.0,155.0,113.54,1.0
59.0,Arcanine,59.0,bashful,fire,water,98.89,54.0,113.54,2.0
102.0,Exeggcute,98.0,calm,grass,fire,51.0,177.0,103.0,1.0
39.0,Jigglypuff,95.0,naughty,fairy,poison,104.0,79.0,113.54,1.0
102.0,Exeggcute,9.0,adamant,grass,fire,123.0,119.22,50.0,1.0
58.0,Growlithe,28.0,impish,fire,water,183.0,172.0,144.0,1.0
74.0,Geodude,31.0,impish,fire,water,117.0,138.0,100.0,1.0
106.0,Hitmonlee,29.0,careful,fighting,flying,79.0,126.0,111.39,1.0
59.0,Arcanine,5.0,hardy,fire,water,100.0,173.0,74.0,2.0
51.0,Dugtrio,10.0,bashful,ground,water,142.0,176.0,120.0,2.0
19.0,Rattata,25.0,serious,normal,fighting,100.0,84.0,183.0,1.0
3.0,Venusaur,67.0,naive,grass,fire,145.0,127.85,35.0,3.0
53.0,Persian,87.0,jolly,normal,fighting,74.0,127.85,172.0,2.0
59.0,Arcanine,69.0,jolly,fire,water,35.0,127.85,20.0,2.0
11.0,Metapod,17.0,mild,grass,fire,191.0,127.0,111.39,2.0
76.0,Golem,78.0,hardy,fire,water,65.0,145.0,137.0,3.0
6.0,Charizard,89.0,lax,fire,water,165.0,100.0,108.0,3.0
